,topic,score,body,comm_id,created,parent,timestamp
0,n6ijbf,385,Que m√°gicos momentos en el cyber. Como te hac√≠a crecer como ser humano darte cuenta que eras un goma por haberte copiado al pendrive los accesos directos de los jueguitos.,gx7awot,1620366552.0,t3_n6ijbf,2021-05-07 02:49:12
1,n6ijbf,164,Llamando al empleado para que me escriba el @ en el mail,gx7ct1c,1620367382.0,t3_n6ijbf,2021-05-07 03:03:02
2,n6ijbf,150,En las del fondo se pon√≠a mas turbia la cosa,gx7d0qm,1620367477.0,t3_n6ijbf,2021-05-07 03:04:37
3,n6ijbf,124,"conoci un cyber que la entrada era una disimulada puerta de chapa, no se veia nada, pero entrabas y subias una escalera y adentro habia olor a plastico quemado siempre, como 200 pc, colchones tirados en el fondo donde fisuraban los que jugaban son parar 3 dias, dormian 5 horas y seguian limando",gx7f17h,1620368396.0,t3_n6ijbf,2021-05-07 03:19:56
4,n6ijbf,101,"el cyber tenia su magia, ir a jugar lineage con los pibes despues del colegio y pedir libre era hermoso",gx7ajot,1620366396.0,t3_n6ijbf,2021-05-07 02:46:36
5,n6ijbf,76,Nada mas hermoso que ir a jugar al Vice City y ver que tu partida guardada era un simple recuerdo.,gx7hhnc,1620369535.0,t3_n6ijbf,2021-05-07 03:38:55
6,n6ijbf,58,"El clasico ciber con su cs 1.6 no steam, los fisuriras que se sabian trucos del gta y el empleado con finta de fumanchero.",gx7apyd,1620366471.0,t3_n6ijbf,2021-05-07 02:47:51
7,n6ijbf,62,De vez en cuando te cruzabas un jeropa mirando porno con total impunidad... que recuerdos =¬¥),gx7ei35,1620368153.0,t3_n6ijbf,2021-05-07 03:15:53
8,n6ijbf,49,"Suponiendo que uno pusiera un cyber hoy en d√≠a y no tuvi√©ramos quilombo de pandemia, donde todas las m√°quinas tuvieran como m√≠nimo una 1070, cu√°nto habr√≠a que cobrar la hora?

$100?

Ponele que te gastes 200 lucas por m√°quina, 20 PC son $4 millones. 

100 horas/dia\*$100 ser√≠an $10.000 por d√≠a o $300.000 por mes.

Sin contar gastos y sin romperse nada tardar√≠as 14 meses en recuperar la inversi√≥n.

La gran pregunta es si alguien pagar√≠a $100 la hora.",gx7gjjf,1620369094.0,t3_n6ijbf,2021-05-07 03:31:34
9,n6ijbf,41,"Esto me trajo demasiados recuerdos del 2002 al 2007. Y hoy estoy melanc√≥lico.

üò¢",gx7em0k,1620368203.0,t3_n6ijbf,2021-05-07 03:16:43
10,n6ijbf,40,"-Hola me das una maquina?

-Alkon: todas ocupadas",gx7dxmf,1620367893.0,t3_n6ijbf,2021-05-07 03:11:33
11,n6ijbf,28,"Que buenos recuerdos el cyber..y costaba 1 peso la hora!!!!!!!
Saliendo de la escuela para ir a jugar al counter o al age of empires",gx7eg50,1620368128.0,t3_n6ijbf,2021-05-07 03:15:28
12,n6ijbf,29,"Me acuerdo que iba a virguear a uno re groso que estaba frente a pinar de Rocha, jug√°bamos al battlefield 1942 con Los neonazis de la zona que no se porqu√© se juntaban ah√≠, unos monos enormes todos tatuados con la bandera confereda por todos lados, una de esas madrugadas viciando me acuerdo que voy al ba√±o y hab√≠an dejado parado un tereso enorme en el migitorio, hasta el d√≠a de hoy me pregunt√≥ c√≥mo hizo el hijo de mil puta para levantar el culo hasta al migitorio y cagar ah√≠ adentro.",gx7sk97,1620375017.0,t3_n6ijbf,2021-05-07 05:10:17
13,n6ijbf,68,"1. Pasarme 14 horas pegado al counter con bots mientras mi viejo le hacia la electricidad al local del ciber.
2. Jugar AoE y que el forro que atend√≠a me moviera el mouse con no me acuerdo que software de control (menos mal que justo estaba en el AoE y no con porneta).
3. Comprarle los juegos al del ciber cuando me compre mi propia pc (sin inet todavia).
4. Casi pasarme el underground 2 entero en un solo d√≠a.
5. Juntarnos con los pibes en las cabinas del fondo a ver porneta de los simpson.
6. Lineage 2.
7. Abrirme un blog en geocities.
8. Que se cortara todo el internet porque el boludo que atend√≠a levant√≥ el tubo del telefono equivocado.
9. Bocha de runescape.
10. Que me afanaran la bici.

Jam√°s iba al ciber a hacer tarea, era muy nuevo en esa √©poca hacer cosas con la compu asi que ni pensaban que ten√≠amos. Ya para cuando esperaban que hicieras cosas con la compu en la escuela yo ten√≠a ya una personal y con internet en casa. A√∫n as√≠, la gran mayor√≠a de mi juventud temprana la pas√© en cibers, y pobres tontos los pibes de ahora que nunca van a vivir eso.",gx7pnzx,1620373527.0,t3_n6ijbf,2021-05-07 04:45:27
14,n6ijbf,18,"Sin repetir y sin soplar, comenzando por Matrix, nombres falopa de cybers: Tiempo!",gx7rqu5,1620374594.0,t3_n6ijbf,2021-05-07 05:03:14
15,n6ijbf,16,"Me acuerdo que en el cyber hab√≠a una chica que iba a otro colegio y tendr√≠a dos a√±os menos que yo y me agreg√≥ al Messenger para hablar.

No olvido cuando me dec√≠a ""En qu√© m√°quina est√°s? Me voy y paso a saludarte"" y yo le dec√≠a ""Para qu√©? XD""",gx8s3g7,1620395628.0,t3_n6ijbf,2021-05-07 10:53:48
16,n6ijbf,13,"Me acuerdo el cyber que estaba a la vuelta del colegio. Que antro la re concha de la lora. Habia maquina que estaba abajo de la escalera que iba al primer piso, tremenda cueva para los qie iban a pajarae a dos manos. Tremenda sarna te quedaba despues de usarla esa pc.",gx7xkpr,1620377584.0,t3_n6ijbf,2021-05-07 05:53:04
17,n6ijbf,16,D√≥nde estuvimos y d√≥nde estamos (mega boomer comment),gx805jr,1620378916.0,t3_n6ijbf,2021-05-07 06:15:16
18,n6ijbf,10,Y el que atendia escuchaba el ultimo tema de yerba brava.,gx7oc3g,1620372855.0,t3_n6ijbf,2021-05-07 04:34:15
19,n6ijbf,9,Me acuerdo de ir a jugar al Dragon Ball que ven√≠a con el Counter... O ir a copiar los trucos para el Warcraft 3 en una hoja de la carpeta del colegio porque en mi casa no hab√≠a internet (;,gx7l1yq,1620371233.0,t3_n6ijbf,2021-05-07 04:07:13
20,n6ijbf,9,"Uff recuerdo que, casi en el ocaso de los cybers, fui a uno donde laburaba un amigo de mi hermano, el loco como me conoc√≠a y era re buena onda me estiraba la hora gratis, la cosa es que no me avisaba y se hicieron las nueve de la noche y vino mi vieja re caliente, me re cago a pedos adelante de toso re hist√©rica porque tenia que volver a las 19 y estaba asustada, yo no entend√≠a nada estaba jugando al battlefield 1942 jajaja",gx9ct20,1620413890.0,t3_n6ijbf,2021-05-07 15:58:10
21,n6ijbf,10,"lo m√°s lindo era cuando entrabas al ciber y era de d√≠a, despu√©s salias ya de noche y no te acord√°s ni de tu nombre",gx9efkd,1620415115.0,t3_n6ijbf,2021-05-07 16:18:35
22,n6ijbf,8,"alta nostalgia me da el ciber. en esos anios tenia una windows 95 que con suerte andaba el paint. y posta, costaba 1 peso la hora",gx7q7xl,1620373806.0,t3_n6ijbf,2021-05-07 04:50:06
23,n6ijbf,7,"si nik es el T-1000, moncholo es nuestro schwarzenegger ‚ù§",gx7th3j,1620375485.0,t3_n6ijbf,2021-05-07 05:18:05
24,n6ijbf,8,"Hermosos recuerdos, jugando con los pibes al Mu, Argentum, Lineage, Gunbound, Hellbreath, Counter, Ragnarok, Gta, y todo juego que estaba de moda.",gx8a8yl,1620384131.0,t3_n6ijbf,2021-05-07 07:42:11
25,n6ijbf,7,"Si me preguntas como se llaman los comerciantes a los que le compro... Ni idea ... Ah pero el del ciber que no piso desde hace 14 a√±os como no se llamaba Ariel... El de los fichines? Le dec√≠amos el Negro y el del kiosko de la vuelta a los fichines Marcelo. Todo lo demas no importa, randoms.",gx9u1xr,1620424052.0,t3_n6ijbf,2021-05-07 18:47:32
26,n6ijbf,17,"al que iba yo atendian la mujar y la cu√±ada del due√±o , una mas buena que la otra y se copaban con el medal",gx7h0yf,1620369318.0,t3_n6ijbf,2021-05-07 03:35:18
27,n6ijbf,6,"Jugando al mu 99b, al CS (y las otras dos huevadas, el ricochet y... el el parasito), gente jugando al.. dota? no, como se llamaba lo que jugaba todo el mundo en esa epoca que creo que era moba?",gx7td9b,1620375431.0,t3_n6ijbf,2021-05-07 05:17:11
28,n6ijbf,6,"Boludo, cuando iba al cyber a jugar el Age of Mythology, asi empez√≥ la decadencia que me consume en el presente, que lindos tiempos.",gx7vi7g,1620376520.0,t3_n6ijbf,2021-05-07 05:35:20
29,n6ijbf,6,"un compa√±ero falto a clases 2 trimestres enteros , vivia en el ciber jugando al Mu",gx9apoa,1620412199.0,t3_n6ijbf,2021-05-07 15:29:59
30,n6ijbf,5,"En mis √∫ltimos a√±os de ir al ciber ten√≠a solamente 12 o 13 a√±os, y te juro que me encantaba el ambiente. Teclados blancos quemados por cigarrillos, el olor a pucho, los auriculares de mierda. Comprarme doritos grandes y una coca de 2 litros para comer y tomar en medio de jugar la campa√±a del call of duty 2 intentando terminarla de 0 a 100 en una sentada un fin de semana.... Otras √©pocas.  .",gx9hs0s,1620417391.0,t3_n6ijbf,2021-05-07 16:56:31
31,n6ijbf,6,Yo siempre tuve un problemita con tocar el mouse y teclado que us√≥ otra persona... incluso en el laburo le pasaba alcohol si sentia que alguien puso la mano en el mouse m√≠o... asi que los cyber practicamente no los vivi jaja.,gx9r3k2,1620422613.0,t3_n6ijbf,2021-05-07 18:23:33
32,n6ijbf,6,"Tuve un ciber en 2004, cu√°ntos recuerdos. Qu√© locura...",gx7pcuj,1620373372.0,t3_n6ijbf,2021-05-07 04:42:52
33,n6ijbf,5,"grandes √©pocas, todav√≠a ten√≠a dialup y me iba al cyber a bajar cosas de napster",gx7tlcg,1620375545.0,t3_n6ijbf,2021-05-07 05:19:05
34,n6ijbf,7,Yo ve√≠a como el que atiende me le√≠a mi monitor jajajaja,gx7w04v,1620376772.0,t3_n6ijbf,2021-05-07 05:39:32
35,n6ijbf,4,"Cuando te quedabas sin plata. 

El due√±o del [ciber](https://www.youtube.com/watch?v=V2fEjLQLPZQ)",gx8679n,1620382007.0,t3_n6ijbf,2021-05-07 07:06:47
36,n6ijbf,6,"Hace a√±os, sol√≠an haber muchos cybers por los alrededores de mi casa, tuve la oportunidad de ir a todos para ver cu√°l era mejor y as√≠. Lo curioso de esto es que el Counter era algo infaltable en todas las computadoras de esos lugares que visit√©, es como si fuera algo esencial, como Google Chrome, u otro tipo de navegador web hoy en d√≠a.",gx88ke3,1620383233.0,t3_n6ijbf,2021-05-07 07:27:13
37,n6ijbf,4,"Esos Medal of Honor, furiosos 8 vs 8, hermoso.",gx8g7lv,1620387471.0,t3_n6ijbf,2021-05-07 08:37:51
38,n6ijbf,4,"Me acuerdo cuando Hiba a con mi hermana y  dec√≠a ""hora libre"", nos quedamos como 4hr m√°ximo, vicio pleno. Ahora no s√© si siguen existiendo los cybers.",gx9axp7,1620412391.0,t3_n6ijbf,2021-05-07 15:33:11
39,n6ijbf,5,"Yo armaba cybers ""llave en mano"" me daban las partes de las pc en cajas y en un fin de semana las armaba (25-30 pc), armaba la red, el servidor y la pc de control... recuerdo que a todas las pc le pon√≠a un programa de control remoto que usaba en la empresa para dar soporte, pero el due√±o del cyber lo usaba para espiar a las minitas que estaban buenas y sacarle los correos o tel√©fonos de las charlas... y para controlar desde su casa lo que hacia el tipo que dejaba a cargo cuando el no estaba... que pesadilla eran esos pendejos que los padres dejaban todo el d√≠a en el cyber para que no les rompan las bolas en casa.",gx9o76l,1620421116.0,t3_n6ijbf,2021-05-07 17:58:36
40,n6ijbf,5,Aguante el gato moncholo,gx9r6c1,1620422651.0,t3_n6ijbf,2021-05-07 18:24:11
41,n6ijbf,13,Tienen que volver los cyber la concha de la lora,gx7l9jj,1620371336.0,t3_n6ijbf,2021-05-07 04:08:56
42,n6ijbf,12,"No entendia como la gente iba con los trucos del gta anotados. Yo me los memorizaba y los escribia lo mas rapido posible, asi de paso me sacaba a los boluditos que jodian para ponerlos.

Lindos los dias de ir al cyber. La cagada la monta√±a de puchos que habia arriba del teclado y la mesa, y todos fumando adentro. Y que tambien los que se cagaban a palo afuera del cyber siempre tapaban la unica puerta.",gx87x27,1620382896.0,t3_n6ijbf,2021-05-07 07:21:36
43,n6ijbf,5,¬°Que tiempos! üò™,gx869yq,1620382044.0,t3_n6ijbf,2021-05-07 07:07:24
44,n6ijbf,4,hesoyam,gx8oivq,1620392928.0,t3_n6ijbf,2021-05-07 10:08:48
45,n6ijbf,3,"Good old Days

Iba siempre al cyber de playland de Monroe y Cabildo. 

El encargado ya me conocia y siempre me conseguia una PC libre o me reservaba. Pagaba hora libre  y nos veiamos.",gx9cpl7,1620413817.0,t3_n6ijbf,2021-05-07 15:56:57
46,n6ijbf,3,Porque atend√≠a Batman?,gx9ds0m,1620414637.0,t3_n6ijbf,2021-05-07 16:10:37
47,n6ijbf,4,"Uuh cuando la hora estaba 1 peso 
lpm que recuerdos

Mi viejo me daba 5 pesos y era Gardel",gx9nn6d,1620420821.0,t3_n6ijbf,2021-05-07 17:53:41
48,n6ijbf,4,"El rinc√≥n de la nostalgia mode on.   


  


  
(love it)",gx9qx2p,1620422522.0,t3_n6ijbf,2021-05-07 18:22:02
49,n6ijbf,4,"C√≥mo olvidar los vicios en el cs1.5, 1.6. l2, healbreath, Warcraft, etc. La mejor etapa de mi vida, llena de recuerdos que los voy a llevar para toda la vida.",gxa6xle,1620429750.0,t3_n6ijbf,2021-05-07 20:22:30
50,n6ijbf,5,"Como olvidar cuando me daban permiso de una hora,obvio el olor tambi√©n jajaj",gxafh5e,1620433373.0,t3_n6ijbf,2021-05-07 21:22:53
51,n6ijbf,3,A donde .Mierda vas ahora cuando necesitas imprimir algo? Creo que el √∫ltimo ciber de mi zona cerro,gx8uyz8,1620397939.0,t3_n6ijbf,2021-05-07 11:32:19
52,n6ijbf,3,"Que recuerdos de jugar jueguitos nopor, que en esa √©poca me re pon√≠an jaja, de jugar al drag√≥n ball, al god of war, al pes, al counter, al vice city, al point blank y un largo etc...",gx8y14m,1620400520.0,t3_n6ijbf,2021-05-07 12:15:20
53,n6ijbf,3,"Cuando me quedaba con mi viejo recuerdo que √≠bamos al cyber, y nos tir√°bamos unos cs 1.6, o yo me pon√≠a a jugar al gta, recuerdo cuando nos tir√°bamos una viciada en las play 2, y nos cagabamos de risa, nos tir√°bamos 3/5 horas ah√≠ dentro, eran buenos tiempos, me acuerdo como me hice amigo de gente bien random y de pibes re tranquis que se iban a jugar al db budokai o al pes, me llevo experiencias de todo un poco, desde tener a uno acogotando la lombriz,  hasta pegar un estir√≥n y de reojo ver como el de al lado se pon√≠a a ver nopor de enanos, fue bueno mientras dur√≥ la √©poca dorada de los cybers",gxa5ih4,1620429141.0,t3_n6ijbf,2021-05-07 20:12:21
54,n6ijbf,3,"Cuchame posho con 1 peso te alcanzaba para la hora, un naranju y una vuelta por los videos para jugar el kinofaiter 98, mamita querida posho.

Man que vicio me pegaba con el call of duty modern warfare, la misi√≥n del avi√≥n era mi favorita. El Half Life ufff man como mataba a todos.",gxaee2t,1620432927.0,t3_n6ijbf,2021-05-07 21:15:27
55,n6ijbf,2,Si tu cyber no tenia marcado la mira del awp en el monitor con una llave no viviste en el conurbano,gx91ydg,1620404099.0,t3_n6ijbf,2021-05-07 13:14:59
56,n6ijbf,1,todavia recuerdo cuando me sacaron del ciber por poner una ova de shinmai no testament cuando tenia 11/12,gx8dko8,1620385941.0,t3_n6ijbf,2021-05-07 08:12:21
57,n6ijbf,1,"Como olvidar en un ciber ""la covacha"", todo medio oscuro, me toc√≥ compu del fondo al lado de la pared, en la pc de al lado mi primo, eran tipo cub√≠culos, saque la japi y pinto tremenda paja com v√≠deos de 30 segundos a 320x240 y jpg de 640x480.
Me limpie todo en el teclado, el Mouse, ensucie todo con wasca, hasta el pantal√≥n me ensucie, encima ten√≠a espera, pobre de la persona que le haya tocado despu√©s de mi Jajajaj",gxb2qgl,1620443630.0,t3_n6ijbf,2021-05-08 00:13:50
58,n6ijbf,-2,jajaj un clasico decir que se afanaron el mouse pero VOS te afanaste el mouse jajaj,gx8hku2,1620388299.0,t3_n6ijbf,2021-05-07 08:51:39
59,n6ijbf,-12,"Aj, qu√© b*sta de lugares: Hedor a faso, a pajas, a patas mugrientas, pendejos gritando, ""m√∫sica"" de m... estridente, mamertos cruz√°ndose a pi√±as en la puerta... nunca encontr√© un ciber en q se pudiera trabajar en paz.
Lo ""mejor"" fue una vez q el due√±o me vino a impugnar ""a viva voz"" xq ten√≠a yo un par de p√°ginas con im√°genes (no videos) de minas ligeras de ropa (nada importaba q a la vez consultara una docena de p√°ginas t√©cnicas q grababa en pendrive xa leer luego en mi casa) xq hab√≠a ""pibes""... como si los pibes no pudieran ver eso cdo se les cantase (el ciber no ten√≠a ""antiporn""). 
Lo mand√© al diablo. Bendito el d√≠a q pude poner banda ancha en casa y obviarme esos antros.",gx8e5ti,1620386275.0,t3_n6ijbf,2021-05-07 08:17:55
60,n6ls62,332,Es una l√°stima que ma√±ana aparezca suicidado de dos tiros en la nuca che.,gx7tp0i,1620375595.0,t3_n6ls62,2021-05-07 05:19:55
61,n6ls62,266,Parece que Fern√°ndez es el apellido m√°s cursed de la Argentina,gx82i80,1620380119.0,t3_n6ls62,2021-05-07 06:35:19
62,n6ls62,189,El tipo: es todo un tema,gx7ud0w,1620375935.0,t3_n6ls62,2021-05-07 05:25:35
63,n6ls62,249,otro Fernandez garca?....no me lo conteiner,gx7xiix,1620377552.0,t3_n6ls62,2021-05-07 05:52:32
64,n6ls62,70,Flashi√© que le estaba hablando a Alpedo Fernandez y que era el del fondo,gx7wses,1620377180.0,t3_n6ls62,2021-05-07 05:46:20
65,n6ls62,62,C√≥mo es posible que siempre se apelliden Fern√°ndez?,gx82q90,1620380234.0,t3_n6ls62,2021-05-07 06:37:14
66,n6ls62,50,‚ÄúPero los sindicatos cuidan a los trabajadores‚Äù.,gx7wry3,1620377174.0,t3_n6ls62,2021-05-07 05:46:14
67,n6ls62,77,"Es necesaria m√°s gente as√≠.
Lo √∫nico que luego tiene que tener el orto blindado porque ""en una semana"" lo van a nismear.",gx7u86x,1620375867.0,t3_n6ls62,2021-05-07 05:24:27
68,n6ls62,75,Huevos de oro y cr√°neo con plomo jajajaa,gx80uq6,1620379275.0,t3_n6ls62,2021-05-07 06:21:15
69,n6ls62,24,Voy a sumar a mi equipo a este joven para el Ministerio de transporte. Ya tenemos a la se√±ora que en 1 minuto orden√≥ la comisar√≠a la semana pasada! Por m√°s gente como ustedes (aplausos aturdidores),gx870jm,1620382427.0,t3_n6ls62,2021-05-07 07:13:47
70,n6ls62,18,Ponete las pilas viejo cabeza de hisopo. En otros pa√≠ses entra con bondi y todo al caf√© jajaa,gx88xoc,1620383429.0,t3_n6ls62,2021-05-07 07:30:29
71,n6ls62,42,Quien es el viejo?,gx7w2lk,1620376806.0,t3_n6ls62,2021-05-07 05:40:06
72,n6ls62,61,remind me in 7 days.... nothing,gx7trsr,1620375634.0,t3_n6ls62,2021-05-07 05:20:34
73,n6ls62,13,Donde est√°?,gx7wicz,1620377035.0,t3_n6ls62,2021-05-07 05:43:55
74,n6ls62,8,¬øEste era el viejo al que le rompieron toda la sede de la UTA y se encerro en la terraza del edificio con un revolver? (¬øQue hace un lider sindical con un arma?),gx8bq8z,1620384924.0,t3_n6ls62,2021-05-07 07:55:24
75,n6ls62,7,"Por donde vivo se usa a la UTA para pedir aumentos de boletos; si no se lo dan, hay paro por tiempo indeterminado",gx7ynqw,1620378141.0,t3_n6ls62,2021-05-07 06:02:21
76,n6ls62,6,"Me gustar√≠a un AMA de alg√∫n colectivero, que haya entrado a laburar de colectivero sin ser familiar o amigo cercano de otro colectivero.  
Si es que existe tal persona.",gx8misy,1620391515.0,t3_n6ls62,2021-05-07 09:45:15
77,n6ls62,6,Se inmolo,gx7yu5r,1620378231.0,t3_n6ls62,2021-05-07 06:03:51
78,n6ls62,6,"nota mental, si es fernandez es garca",gx8bbwf,1620384711.0,t3_n6ls62,2021-05-07 07:51:51
79,n6ls62,5,Anda a contarle que gana m√°s que un profesional reci√©n recibido...,gx8lmko,1620390906.0,t3_n6ls62,2021-05-07 09:35:06
80,n6ls62,5,Pero cuantos Fern√°ndez metieron al gobierno?,gx8kj5q,1620390176.0,t3_n6ls62,2021-05-07 09:22:56
81,n6ls62,5,"No pens√© que fuera a ver algo as√≠ en mi vida. UN laburante se dio cuenta que los sindicalistas viven como reyes mientras los dem√°s ponen el lomo.

A ver cu√°ndo empezamos a linchar a estos punteros de mierda que viven en mansiones y que negocian con el poder de turno las tortas de guita que ellos mismos despu√©s manejan a discreci√≥n.",gx9j4t6,1620418249.0,t3_n6ls62,2021-05-07 17:10:49
82,n6ls62,3,Dame 1000 tipos asi. Faltan mas huevos en este pais. Todos se creen vivos pero en verdad somos unos pelotudos y el viejo ma√±ana se esta cagando de risa de este video.,gx8afn0,1620384229.0,t3_n6ls62,2021-05-07 07:43:49
83,n6ls62,3,Seguro es peronista,gx9e51b,1620414907.0,t3_n6ls62,2021-05-07 16:15:07
84,n6ls62,3,"Que flash que tengamos tan normalizado el que aparezca gente suicidada, tanto que cuando alguien pelea por lo que le corresponde, jodemos con que va a aparecer suicidado, en vez de empatizar con el pedido como corresponde. Pero bue... 

Viva el peronismo. Not.",gx9qeb6,1620422262.0,t3_n6ls62,2021-05-07 18:17:42
85,n6ls62,12,"jaja, igual me encanta lo de ""estas tomando un cafe sin distancia social"". Ahora la pandemia se usa como excusa para cualquier cosa jajaja.

Por ahora los cafes siguen abiertos y se puede estar sin distancia social con los de tu propia mesa.",gx7xbyz,1620377459.0,t3_n6ls62,2021-05-07 05:50:59
86,n6ls62,2,Otro Fern√°ndez garca!,gx874mh,1620382488.0,t3_n6ls62,2021-05-07 07:14:48
87,n6ls62,2,deporte extremo,gx87cc6,1620382600.0,t3_n6ls62,2021-05-07 07:16:40
88,n6ls62,2,Verg√ºenza,gx8z1rd,1620401425.0,t3_n6ls62,2021-05-07 12:30:25
89,n6ls62,2,otro Fernandez??,gx9dvv0,1620414718.0,t3_n6ls62,2021-05-07 16:11:58
90,n6ls62,2,Me pregunto si venia con gente el colectivo jaja,gx9lwsb,1620419870.0,t3_n6ls62,2021-05-07 17:37:50
91,n6ls62,2,"Q hace √©se anciano teniendo tanta responsabilidad encima sus hombros. Hace falta sangre nueva, gente con iniciativa, inteligente , con por lo menos 2 t√≠tulos acordes a sus funciones!!! Por √©so est√°n cada vez PEOR.",gx9ss1i,1620423446.0,t3_n6ls62,2021-05-07 18:37:26
92,n6ls62,2,"Estamos complicados si los colectiveros se cagan de hambre, no s√© c√≥mo ser√° all√° pero ac√° en C√≥rdoba uno que reci√©n entra est√° cobrando buena guita, uno con antig√ºedad ni te cuento, viven de paro por cualquier gilada, te tienen de reh√©n como por una semana sin transporte y les daban banda de aumentos porque era la √∫nica forma de que laburen aparte de tener el boleto como a 50 mangos, el a√±o pasado cuando empez√≥ la cuarentena estuvieron como m√°s de un mes de paro, y de m√°s est√° decir que si no estas acomodado olv√≠date de entrar a laburar ah√≠",gx9uair,1620424164.0,t3_n6ls62,2021-05-07 18:49:24
93,n6ls62,2,"""LA SEMANA QUE VIENE"" JAJAJA ARGENTINA PAPAAA, HAY QUE SALIR A ROMPER TODO COMO COLOMBIA",gxaaezf,1620431239.0,t3_n6ls62,2021-05-07 20:47:19
94,n6ls62,2,nota mental: nunca votar un fernandez,gxaems9,1620433030.0,t3_n6ls62,2021-05-07 21:17:10
95,n6ls62,2,"Pobre chabon, ya debe estar nadando con los peces de colores del riachuelo",gxai6uk,1620434514.0,t3_n6ls62,2021-05-07 21:41:54
96,n6ls62,2,"Ah si, cuando un peronista se da cuenta que su delegado sindical es un mafioso, nice",gxajyhd,1620435268.0,t3_n6ls62,2021-05-07 21:54:28
97,n6ls62,2,"Batman, mira el tama√±o de esas bolas!",gxazpw0,1620442237.0,t3_n6ls62,2021-05-07 23:50:37
98,n6ls62,2,"Mas alla del reclamo, q seguramente es justo.... A mi tb me gustaria cagarme de hambre como un colectivero ... Ganan buena guita... La cagada q se le hace mierda el cuerpo, por el tema de manejar tantas horas...",gx9fcms,1620415762.0,t3_n6ls62,2021-05-07 16:29:22
99,n6ls62,2,"Cu√°nto gana hoy un colectivero? A m√≠ se me hace que no es poco, la menos comprado con otros que est√°n mucho peor.",gx9qqn4,1620422433.0,t3_n6ls62,2021-05-07 18:20:33
100,n6ls62,-18,"Tendr√≠a los huevos de oro si le hubiera partido la cabeza. Ir a gritarle mientras se filma es de cag√≥n. El tipo sigue choreando, a cambio de aguantarse una puteada cada tanto.",gx7wbur,1620376941.0,t3_n6ls62,2021-05-07 05:42:21
101,n6ls62,-3,"Cuanto gana un colectivo de basico? Cuando gana un abogado de basico o cualquier otra profesi√≥n? 
No creo que sienta l√°stima por el que filma cuando sepa la respuesta",gx8mnsy,1620391609.0,t3_n6ls62,2021-05-07 09:46:49
102,n6ls62,1,**N**,gx80t88,1620379253.0,t3_n6ls62,2021-05-07 06:20:53
103,n6ls62,1,"M√°s que tener huevos es inmolarse por un videito que luego le sacan el jugo los carneros, si la caja la maneja el ejecutivo, estos viejos garcas son solo t√≠teres intermediarios. Le tienen que rodear la casa rosada de bondis y que no se muevan hasta que firmen el aumento que piden, sin unidad son pura impotencia estos escraches, luego se transforman en caza de brujas internas, la impulsividad individualista no es buena consejera de la pol√≠tica de base, la unidad colectiva siempre lo √©s.",gx8evuf,1620386688.0,t3_n6ls62,2021-05-07 08:24:48
104,n6ls62,1,un dia alguien va a ponerle un fin a los sindicatos,gx8hdd2,1620388173.0,t3_n6ls62,2021-05-07 08:49:33
105,n6ls62,1,u/savevideo,gx8nb70,1620392052.0,t3_n6ls62,2021-05-07 09:54:12
106,n6ls62,1,u/vredditdonwloader,gx9am02,1620412111.0,t3_n6ls62,2021-05-07 15:28:31
107,n6ls62,1,"Se tard√≥ una banda, pero parece que en Argentina por fin se empieza a producir los pares de huevos",gx9ex9s,1620415463.0,t3_n6ls62,2021-05-07 16:24:23
108,n6ls62,1,me gusta este trend,gx9h2ry,1620416933.0,t3_n6ls62,2021-05-07 16:48:53
109,n6ls62,1,Bien hecho,gx9l85t,1620419483.0,t3_n6ls62,2021-05-07 17:31:23
110,n6ls62,1,"Admirable lo que hizo pero tambi√©n que lo barde√≥ sin faltarle el respeto y lo trat√≥ de usted.
Qu√© verg√ºenza ser ese viejo y su familia.",gx9ls2h,1620419795.0,t3_n6ls62,2021-05-07 17:36:35
111,n6ls62,1,Caf√© Par√≠s la rompe,gx9mukr,1620420391.0,t3_n6ls62,2021-05-07 17:46:31
112,n6ls62,1,"No se quien es, pero su cara de perro que se mando una cagada me dice que lo agarraron.",gx9ndjd,1620420676.0,t3_n6ls62,2021-05-07 17:51:16
113,n6ls62,1,Lo √∫ltimo no entend√≠ q dijo,gx9p60k,1620421628.0,t3_n6ls62,2021-05-07 18:07:08
114,n6ls62,1,"Un colectivero gana m√°s que un enfermero, chau.",gx9v9u7,1620424626.0,t3_n6ls62,2021-05-07 18:57:06
115,n6ls62,1,"Soy tan dormido, que pens√© que el flaco se hab√≠a equivocado y confundido que era el presidente Alberto tomando un caf√©.",gx9vlsj,1620424777.0,t3_n6ls62,2021-05-07 18:59:37
116,n6ls62,1,Pens√© que quer√≠a hablar con √©l presidente y se equivoco de persona (?,gx9zjw3,1620426557.0,t3_n6ls62,2021-05-07 19:29:17
117,n6ls62,1,Eso porque no es donda... porque gorda falopa estaria tambien tomando un cafe... en francia.,gxa30qf,1620428067.0,t3_n6ls62,2021-05-07 19:54:27
118,n6ls62,1,"que casualidad, otro Fern√°ndez cagando a la gente",gxa4cg0,1620428638.0,t3_n6ls62,2021-05-07 20:03:58
119,n6ls62,1,La semana que viene,gxa5o7n,1620429210.0,t3_n6ls62,2021-05-07 20:13:30
120,n6ls62,1,Esto Esto Esto! esto sirve mucho mas que las marchas.... bravo por el chofer que filmo el video.,gxa6lgg,1620429605.0,t3_n6ls62,2021-05-07 20:20:05
121,n6ls62,1,Genio maestro,gxaqthj,1620438224.0,t3_n6ls62,2021-05-07 22:43:44
122,n6ls62,1,cuanto ganan los colectiveros actualmente? me la juego que mas que un medico,gxayzep,1620441900.0,t3_n6ls62,2021-05-07 23:45:00
123,n6ls62,1,Esto es a dos cuadras de mi casa,gxb9hpa,1620446784.0,t3_n6ls62,2021-05-08 01:06:24
124,n6x195,122,"Vicky Donda: *eeeh, ¬øno prefer√≠s un cargo en una secretar√≠a, municipalidad o ministerio, mejor?*",gx9mif2,1620420206.0,t3_n6x195,2021-05-07 17:43:26
125,n6x195,33,Quien hace los dibujos poronga del inadi? ro ferrer?,gx9v0k4,1620424505.0,t3_n6x195,2021-05-07 18:55:05
126,n6x195,137,"Ese dia descubrio que al trabajar en blanco, perdio 80k de pesos en planes y que ahora tenia que pagar impuestos que antes no pagaba.",gx9k6hq,1620418875.0,t3_n6x195,2021-05-07 17:21:15
127,n6x195,82,"Che, la Negrera desapareci√≥ del panorama. Creo que la √∫ltima acci√≥n Nac&Pop que hizo fu√© censurar las respuestas en su Twitter.",gx9meow,1620420149.0,t3_n6x195,2021-05-07 17:42:29
128,n6x195,59,Es un ejemplo de c√≥mo la corrupcion es lineal y los mismos casos an√°logos se repiten una y otra vez como cuando triacca negreaba a la empleada dom√©stica e intent√≥ meterla como personal interventor del sindicato portuario.,gx9jqzy,1620418624.0,t3_n6x195,2021-05-07 17:17:04
129,n6x195,7,"bien inadi la turra esta muerta

le cortaron la garganta de aqui a aca despues de que la despidieran para contratar a otra turra que cobra menos y no hace kilombo",gx9xg6n,1620425620.0,t3_n6x195,2021-05-07 19:13:40
130,n6x195,5,[El original](https://www.instagram.com/p/COjJPhmggsy/),gxa6nvf,1620429634.0,t3_n6x195,2021-05-07 20:20:34
131,n6x195,3,"Pensar q mi abuela q gana 20k por mes le esta pagando en blanco a la empleada domestica alrededor de 5k mensuales (y la chica no le limpia la casa desde Marzo 2020 cuando empezo la pandemia por motivos obvios).

Hay alguna forma de parar eso sin un juicio de por medio?",gxaiqa6,1620434744.0,t3_n6x195,2021-05-07 21:45:44
132,n6x195,3,Eemmm es joda ?,gx9tjae,1620423807.0,t3_n6x195,2021-05-07 18:43:27
133,n6x195,-11,"No tengo empleada dom√©stica, pero si necesitara una ir√≠a por una empresa de limpieza que me cobre por hora, de esas que las hacen trabajar por 40 lucas y 8 hs diarias a rajatabla.

Muchos me van a odiar, pero la ""empleada dom√©stica"" no es un trabajo tan sacrificado y poni√©ndole ganas en 4 horas te limpi√°s una casa de familia, m√°s si vas todos los d√≠as. 

A eso hay que sumarle que muchas te piden que no las pongas en blanco as√≠ no pierden los planes sociales, los hombres tenemos la variante pe√≥n del alba√±il del barrio.

En un tiempo se consideraba la opci√≥n de pagarle el monotributo y que te hicieran factura, pero los forros decidieron que eso igual era relaci√≥n de dependencia si eras su √∫nico cliente. Donde se pongan jodidos con el tema del blanqueo de las dom√©sticas va a resultar en que la gente se asuste y directamente las empiecen a correr, como todo lo que tocan lo rompen.",gx9oi2z,1620421276.0,t3_n6x195,2021-05-07 18:01:16
134,n6x195,1,[deleted],gx9vvnj,1620424903.0,t3_n6x195,2021-05-07 19:01:43
135,n6x195,-10,"Me joden que aca ninguno tiene empleada dom√©stica o el que la tiene la tiene en blanco?  La realidad es que por 3 horas semanales no la voy a poner en blanco‚Ä¶ y para los que me tilden de oligarca, la realidad es que si te fijas, m√°s de uno gasta eso en puchos o escabio. Yo prefiero que me limpien la casa.",gxa0n8r,1620427041.0,t3_n6x195,2021-05-07 19:37:21
136,n6x195,1,Saquen a Donda de ah√≠ por favor,gxa3z0x,1620428474.0,t3_n6x195,2021-05-07 20:01:14
137,n6x195,1,Vamos a llamar al 168 para pedir que Donda blanquee a la empleada,gxajb5a,1620434992.0,t3_n6x195,2021-05-07 21:49:52
138,n6x195,1,"Bah, contrata otra indocumentada y listo.",gxaln27,1620435986.0,t3_n6x195,2021-05-07 22:06:26
139,n6x195,1,A lo mejor ponerle un aura de mugre alrededor no era la gran idea que parec√≠a,gxb4aaj,1620444355.0,t3_n6x195,2021-05-08 00:25:55
140,n6x195,1,cuanto garpan por estos dibujitos de mierda? tenes pibes de 12 en deviantart que dibujan mejor,gxba3k4,1620447080.0,t3_n6x195,2021-05-08 01:11:20
141,n6gxlr,81,"Escucho. A sus melod√≠as, no?",gx71ieg,1620362571.0,t3_n6gxlr,2021-05-07 01:42:51
142,n6gxlr,64,"no dijo copla, no dijo vig√ºela, no hizo alusi√≥n a su miseria

que clase de gaucho es ese",gx7aunx,1620366528.0,t3_n6gxlr,2021-05-07 02:48:48
143,n6gxlr,32,"Will, The Real Slim Gaucho please stand up...?",gx7k13s,1620370738.0,t3_n6gxlr,2021-05-07 03:58:58
144,n6gxlr,12,El tio Marcelo,gx727ib,1620362861.0,t3_n6gxlr,2021-05-07 01:47:41
145,n6gxlr,9,The Real Slim Gaucho,gx7izz0,1620370245.0,t3_n6gxlr,2021-05-07 03:50:45
146,n6gxlr,4,The Chad provinciano,gx7p6al,1620373280.0,t3_n6gxlr,2021-05-07 04:41:20
147,n6gxlr,4,r/HolUp,gx8223j,1620379896.0,t3_n6gxlr,2021-05-07 06:31:36
148,n6gxlr,4,Chupo,gx79qjt,1620366037.0,t3_n6gxlr,2021-05-07 02:40:37
149,n6gxlr,4,Ahumo. A sus achuras?,gx7gvwa,1620369254.0,t3_n6gxlr,2021-05-07 03:34:14
150,n6gxlr,2,u/savevideo,gx8z1a8,1620401413.0,t3_n6gxlr,2021-05-07 12:30:13
151,n6gxlr,2,Hay instagram twitter tiktok o twitch del gaucho de las pampas?,gx9wes2,1620425148.0,t3_n6gxlr,2021-05-07 19:05:48
152,n6gxlr,1,U/savevideo,gx7ocby,1620372859.0,t3_n6gxlr,2021-05-07 04:34:19
153,n6gxlr,1,Esta bieeeeeeeeeeen,gx7ifop,1620369976.0,t3_n6gxlr,2021-05-07 03:46:16
154,n6gxlr,1,u/savevideo,gx84u8v,1620381314.0,t3_n6gxlr,2021-05-07 06:55:14
155,n6gxlr,1,¬øSoy el √∫nico que escucha en los vasos una melod√≠a similar a uno de los tracks del Age of Empires II?,gx9n1fl,1620420495.0,t3_n6gxlr,2021-05-07 17:48:15
156,n6gxlr,1,"SI MI TIO ME LO PIDE AVECES SE L...  


dale amigo, pambox 2021",gx9qz9m,1620422553.0,t3_n6gxlr,2021-05-07 18:22:33
157,n6gxlr,1,u/savevideobot,gx9u8i6,1620424138.0,t3_n6gxlr,2021-05-07 18:48:58
158,n6gxlr,1,u/savevideo,gx9uzm9,1620424493.0,t3_n6gxlr,2021-05-07 18:54:53
159,n6gxlr,1,u/downloadvideo,gx9y3ky,1620425914.0,t3_n6gxlr,2021-05-07 19:18:34
160,n6gxlr,1,/u/vredditdownloader,gxb6x7p,1620445575.0,t3_n6gxlr,2021-05-08 00:46:15
161,n6gxlr,-10,Cringe?...cringe,gx8eitw,1620386480.0,t3_n6gxlr,2021-05-07 08:21:20
162,n6gxlr,-2,se lo chupo,gx8q27g,1620394073.0,t3_n6gxlr,2021-05-07 10:27:53
163,n6gxlr,0,Sumo. A sus cuentas?,gx7h005,1620369307.0,t3_n6gxlr,2021-05-07 03:35:07
164,n6gxlr,0,u/savevideo,gx7oh5e,1620372926.0,t3_n6gxlr,2021-05-07 04:35:26
165,n6gxlr,0,u/savevideo,gx7qgnc,1620373929.0,t3_n6gxlr,2021-05-07 04:52:09
166,n6gxlr,0,[deleted],gx7sac5,1620374873.0,t3_n6gxlr,2021-05-07 05:07:53
167,n6gxlr,0,u/savevideo,gx7sfx3,1620374954.0,t3_n6gxlr,2021-05-07 05:09:14
168,n6gxlr,0,u/SaveVideo,gx7vi7j,1620376520.0,t3_n6gxlr,2021-05-07 05:35:20
169,n6vhjf,22,Despues de eso se pide una botella de Jack Daniels.,gx9gsw7,1620416749.0,t3_n6vhjf,2021-05-07 16:45:49
170,n6vhjf,20,"The meme I would've never expect in r/argentina.

Buen√≠simo, igual.",gx9nw7h,1620420956.0,t3_n6vhjf,2021-05-07 17:55:56
171,n6vhjf,12,No me la conteiner,gx9pi4h,1620421804.0,t3_n6vhjf,2021-05-07 18:10:04
172,n6vhjf,10,"Pobre capit√°n Haddock no se merece que le pegan la cara del bolastriste encima, hablando de eso habr√≠a que hacer una caricatura de las aventuras de Alberto",gx9x85c,1620425519.0,t3_n6vhjf,2021-05-07 19:11:59
173,n6vhjf,6,Esto me recuerda que es 2021 y todavia no se sabe nada de la pelicula de Tintin que habian anunciado para este a√±o :c,gxahlxp,1620434269.0,t3_n6vhjf,2021-05-07 21:37:49
174,n6vhjf,2,Le va a explotar un ojo,gxan72z,1620436654.0,t3_n6vhjf,2021-05-07 22:17:34
175,n6y2oq,184,"Me dan asco los discursos de pol√≠ticos. Por que esta claro que no sienten nada cuando hablan, ""fabrican"" la emocion. Si le tapas la boca, los ojos no demuestran ni indignaci√≥n, ni enojo.",gx9roxf,1620422910.0,t3_n6y2oq,2021-05-07 18:28:30
176,n6y2oq,117,"El tipico discurso peronista es hablar mas fuerte hasta terminar gritando. No mueven personas, mueves focas porque si tenes un poco de materia gris te das cuenta que sus discursos son todos iguales y vacios.",gx9xndh,1620425710.0,t3_n6y2oq,2021-05-07 19:15:10
177,n6y2oq,64,"Alberto:  ""You gotta pump those numbers up, those are rookie numbers""",gx9sa4b,1620423206.0,t3_n6y2oq,2021-05-07 18:33:26
178,n6y2oq,33,Alguien m√°s noto el cringe de la gente del fondo?,gx9u75c,1620424120.0,t3_n6y2oq,2021-05-07 18:48:40
179,n6y2oq,21,"Me causa siempre ese gui√≥n de gritar frases que son verdad, tengan que ver o no con el gobierno de turno, levantando el tono de a poco hasta que alg√∫n boludo aplaude y de repente ovaci√≥n.",gx9wici,1620425193.0,t3_n6y2oq,2021-05-07 19:06:33
180,n6y2oq,52,Si le sacas patricia bullrich podria decirse q es un discurso de hace 30 minutos,gx9vac9,1620424632.0,t3_n6y2oq,2021-05-07 18:57:12
181,n6y2oq,13,Cara de piedra. Un pa√≠s con buena gente.,gx9ubd8,1620424175.0,t3_n6y2oq,2021-05-07 18:49:35
182,n6y2oq,13,d√©jenlo a el q quiere dejar a mas pibes en la calle,gx9ux3u,1620424462.0,t3_n6y2oq,2021-05-07 18:54:22
183,n6y2oq,10,No s√© si me da m√°s asco o risa escuchar a este tipo decir eso,gx9sk1u,1620423338.0,t3_n6y2oq,2021-05-07 18:35:38
184,n6y2oq,9,¬øAlguien me ilumina cu√°ntos casos de gatillo f√°cil hubo durante los 4 a√±os del gato?,gx9yi4m,1620426091.0,t3_n6y2oq,2021-05-07 19:21:31
185,n6y2oq,8,"No me acostumbro a verlo a este tipo sin 100 kilos encima.   
Que clase de entrenamiento le metieron los cubanos.",gxa24v6,1620427688.0,t3_n6y2oq,2021-05-07 19:48:08
186,n6y2oq,6,UH falta que tenga dos m√°ndatos de presidente y uno de vice este... Kirchnerismo feudal para rato tenemos,gxa29q4,1620427746.0,t3_n6y2oq,2021-05-07 19:49:06
187,n6y2oq,5,Este discurso aplica perfecto para cualquier oposici√≥n en cualquier momento (sacando la menci√≥n a bullrich claro),gx9zt53,1620426672.0,t3_n6y2oq,2021-05-07 19:31:12
188,n6y2oq,5,Que alguien le modifique el final por el nombre de el mismo (?,gx9zx48,1620426721.0,t3_n6y2oq,2021-05-07 19:32:01
189,n6y2oq,5,Le das play en 2021 y es stand up,gxa253n,1620427690.0,t3_n6y2oq,2021-05-07 19:48:10
190,n6y2oq,4,este gordo falopa no lo puedo aguantar un segundo,gxa2lb1,1620427882.0,t3_n6y2oq,2021-05-07 19:51:22
191,n6y2oq,3,"jaja es tremendo porque no importa el momento ni quien lo dice, y seguro se pueda aplicar al nefasto gobierno que tengamos de turno",gxa661n,1620429423.0,t3_n6y2oq,2021-05-07 20:17:03
192,n6y2oq,4,"Es la primera vez que escucho al gordo play, ¬øqui√©n tiene hambre?",gxa9jpi,1620430868.0,t3_n6y2oq,2021-05-07 20:41:08
193,n6y2oq,3,El √∫nico gatillo f√°cil de este pa√≠s es el que ejercen los chorros con el aval del kirchnerismo y el progresismo en general.,gxa51uz,1620428945.0,t3_n6y2oq,2021-05-07 20:09:05
194,n6y2oq,3,"Me encanta cuando hacen discursos a base de preguntas, claramente esperan que vos te las respondas con lo que quer√©s escuchar",gxacux9,1620432273.0,t3_n6y2oq,2021-05-07 21:04:33
195,n6y2oq,3,Uuuu Self-burn that‚Äôs rare,gxaeb42,1620432892.0,t3_n6y2oq,2021-05-07 21:14:52
196,n6y2oq,3,Hipocrita si lo miras de espalda y con los ojos vendados.,gx9vz7w,1620424950.0,t3_n6y2oq,2021-05-07 19:02:30
197,n6y2oq,2, [u/VredditDownloader](https://www.reddit.com/u/VredditDownloader/),gx9zbyz,1620426460.0,t3_n6y2oq,2021-05-07 19:27:40
198,n6y2oq,2,Jajajaja pat√©tico.,gxaf43c,1620433225.0,t3_n6y2oq,2021-05-07 21:20:25
199,n6y2oq,1,"They had us in the first half, not gonna lie",gxacn9v,1620432181.0,t3_n6y2oq,2021-05-07 21:03:01
200,n6y2oq,1,Se me crispa el dedo en el gatillo...,gxaibzu,1620434575.0,t3_n6y2oq,2021-05-07 21:42:55
201,n6y2oq,1,En otra comunidad mencionaban la posibilidad de Maximo Kirchner presidente y se me puso la piel de gallina del cagazo de que pase eso!,gxajef5,1620435031.0,t3_n6y2oq,2021-05-07 21:50:31
202,n6y2oq,1,"Un ignorante in√∫til que no labur√≥ un solo d√≠a de su vida, intent√≥ dar el CBC de abogac√≠a y lo bocharon, intent√≥ estudiar periodismo deportivo y lo bocharon, y ahora es el jefe de diputados y posible candidato presidencial porque la vieja (que truch√≥ un t√≠tulo de abogacia) de alguna manera se convirti√≥ en la reina de Peronia por ser la esposa de un chorro de bajo vuelo hijo de re mil puta que el narco de Duhalde pens√≥ pod√≠a manipular por eso lo puso como candidato despu√©s de la crisis del 2001.

Que pa√≠s de mierda por favor.",gxajfz7,1620435050.0,t3_n6y2oq,2021-05-07 21:50:50
203,n6y2oq,1,que plot twist no?,gxao3xr,1620437050.0,t3_n6y2oq,2021-05-07 22:24:10
204,n6y2oq,1,Se vino muy arriba con los aplausos por computadora,gxapcu1,1620437589.0,t3_n6y2oq,2021-05-07 22:33:09
205,n6y2oq,1,"M√°ximo presidente 2023. ""Play para todes""",gxapslx,1620437780.0,t3_n6y2oq,2021-05-07 22:36:20
206,n6y2oq,1,Caradura ü§¶üèª,gxatwiv,1620439585.0,t3_n6y2oq,2021-05-07 23:06:25
207,n6y2oq,1,le ofrezco para lavarle las tangas... por un modico precio,gxauaeb,1620439755.0,t3_n6y2oq,2021-05-07 23:09:15
208,n6y2oq,1,u/savevideo,gxaupiv,1620439945.0,t3_n6y2oq,2021-05-07 23:12:25
209,n6y2oq,1,Aaah mi dosis diaria de populismo,gxawryw,1620440883.0,t3_n6y2oq,2021-05-07 23:28:03
210,n6y2oq,1,"¬øArgumentos? Nah, vos repet√≠ tres veces lo mismo y empiezan a aplaudir",gxb0ufs,1620442750.0,t3_n6y2oq,2021-05-07 23:59:10
211,n6y2oq,1,"Esto se llama ""Foreshadowing"".",gxb15rl,1620442894.0,t3_n6y2oq,2021-05-08 00:01:34
212,n6y2oq,1,Touch√©,gxb1gqs,1620443037.0,t3_n6y2oq,2021-05-08 00:03:57
213,n6y2oq,1,Este tipo hace que el Gaming est√© mal visto en nuestro pa√≠s.,gxb3yyr,1620444209.0,t3_n6y2oq,2021-05-08 00:23:29
214,n6y2oq,1,Gordo vago y apestoso  no puede hablar de nada solo afanar sabe.,gxb4c01,1620444377.0,t3_n6y2oq,2021-05-08 00:26:17
215,n6y2oq,1,"Gordo puto merquero, ni la primaria terminaste par√°sito kischnerista",gxb531b,1620444727.0,t3_n6y2oq,2021-05-08 00:32:07
216,n6mw0i,163,CLEPTOpatra.,gx870gf,1620382426.0,t3_n6mw0i,2021-05-07 07:13:46
217,n6mw0i,110,La inteligencia artificial luego de editar esto se suicid√≥.,gx88cgm,1620383117.0,t3_n6mw0i,2021-05-07 07:25:17
218,n6mw0i,64,"la faraona del congourbano

Rios de polenta para sus subditos",gx86sfc,1620382310.0,t3_n6mw0i,2021-05-07 07:11:50
219,n6mw0i,42,Est√° sorpresivamente bien hecho. Flor de laburo.,gx8bg45,1620384773.0,t3_n6mw0i,2021-05-07 07:52:53
220,n6mw0i,25,Me tom√≥ un rato ver qui√©n era y EEEEWWWWW wacala,gx858cr,1620381510.0,t3_n6mw0i,2021-05-07 06:58:30
221,n6mw0i,17,"Muy buen edit, pens√© que era Oggi Junco al principio",gx86joz,1620382182.0,t3_n6mw0i,2021-05-07 07:09:42
222,n6mw0i,14,"Se cree una faraona

De ahi sus delirios de grandeza",gx87hte,1620382680.0,t3_n6mw0i,2021-05-07 07:18:00
223,n6mw0i,11,Que lindo ser√≠a si tuviera el mismo final que Cleopatra,gx8g21z,1620387377.0,t3_n6mw0i,2021-05-07 08:36:17
224,n6mw0i,8,Parece una villana de los power rangers.,gx9er3p,1620415342.0,t3_n6mw0i,2021-05-07 16:22:22
225,n6mw0i,5,Pero la que decia ser Cleopatra en una vida pasada no era Susana Gimenez? La otra era ARQUITECTA EGIPCIA.,gx85ro4,1620381786.0,t3_n6mw0i,2021-05-07 07:03:06
226,n6mw0i,15,"Me encantar√≠a ver la realidad politica en una fake porno. Cristina Elizabet Fernandez de Kirchner, Ladrona de la Nacion Argentina vestida de Dominatrix culearlo a Albert√≠tere Fernandez!! üòÇü§£",gx879qp,1620382562.0,t3_n6mw0i,2021-05-07 07:16:02
227,n6mw0i,23,Yo si le entro.,gx810h7,1620379360.0,t3_n6mw0i,2021-05-07 06:22:40
228,n6mw0i,9,por un lado estas cosas me hacen reir pero por otro me pone triste que uno o mas GPUs fueron torturados y maltratados haciendoles procesar eso. Pobres CUDA cores.,gx8l8vq,1620390651.0,t3_n6mw0i,2021-05-07 09:30:51
229,n6mw0i,3,Lord forgive me for i am about to sin,gx8ugb5,1620397508.0,t3_n6mw0i,2021-05-07 11:25:08
230,n6mw0i,3,Me traume al menos 3 veces viendo este video,gx9sq2p,1620423420.0,t3_n6mw0i,2021-05-07 18:37:00
231,n6mw0i,10,Y se ba√±a en leche de bija,gx8ao5s,1620384357.0,t3_n6mw0i,2021-05-07 07:45:57
232,n6mw0i,5,Pense que era la peli porno,gx89lde,1620383779.0,t3_n6mw0i,2021-05-07 07:36:19
233,n6mw0i,2,"PA bro, toma mi upvote",gx9ukd3,1620424292.0,t3_n6mw0i,2021-05-07 18:51:32
234,n6mw0i,4,Alto Deepfake.,gx86i90,1620382160.0,t3_n6mw0i,2021-05-07 07:09:20
235,n6mw0i,0,u/Savevideo,gx87ppo,1620382792.0,t3_n6mw0i,2021-05-07 07:19:52
236,n6mw0i,1,Cleo ptomana,gx8c1hv,1620385095.0,t3_n6mw0i,2021-05-07 07:58:15
237,n6mw0i,1,me clave una paja mirando esto. me siento sucio.,gx8jfgf,1620389462.0,t3_n6mw0i,2021-05-07 09:11:02
238,n6mw0i,1,Che loco qu√© nivel el sub juegue bokita vamo papa,gx8r20g,1620394831.0,t3_n6mw0i,2021-05-07 10:40:31
239,n6mw0i,1,"\- Cristina Kirchner seductora no es real  
\- 0:12  
\- Oh dios mio como me lo quito de la mente",gx9d9w9,1620414253.0,t3_n6mw0i,2021-05-07 16:04:13
240,n6mw0i,1,Cleo PATRIA,gx9fuaa,1620416102.0,t3_n6mw0i,2021-05-07 16:35:02
241,n6mw0i,1,r/DownloadVideo,gx9h298,1620416924.0,t3_n6mw0i,2021-05-07 16:48:44
242,n6mw0i,1,"Ah√≠ mira vos, no sabia que los egipcios ten√≠an una ladrona de la naci√≥n tambien",gx9h6x8,1620417006.0,t3_n6mw0i,2021-05-07 16:50:06
243,n6mw0i,1,r/eyebleach,gx9he8b,1620417140.0,t3_n6mw0i,2021-05-07 16:52:20
244,n6mw0i,1,jajajjajaj que delirio lptm!,gx9hipp,1620417222.0,t3_n6mw0i,2021-05-07 16:53:42
245,n6mw0i,1,"Algun k, en alg√∫n lado, vio esto y de pajeo. Buenas noches.",gx9inj6,1620417951.0,t3_n6mw0i,2021-05-07 17:05:51
246,n6mw0i,1,"Respira...

*desabrocho*",gx9j296,1620418206.0,t3_n6mw0i,2021-05-07 17:10:06
247,n6mw0i,1,Lo mejor que se ha visto. Genial,gx9l97s,1620419499.0,t3_n6mw0i,2021-05-07 17:31:39
248,n6mw0i,1,Las Esfinges con la cara de alberto y kici,gx9lq6h,1620419765.0,t3_n6mw0i,2021-05-07 17:36:05
249,n6mw0i,1,u/SaveVideo,gx9mnq3,1620420286.0,t3_n6mw0i,2021-05-07 17:44:46
250,n6mw0i,1,con que estan haciendo estos deepfake?,gx9mqi1,1620420328.0,t3_n6mw0i,2021-05-07 17:45:28
251,n6mw0i,1,u/downloadvideo,gx9mz1z,1620420459.0,t3_n6mw0i,2021-05-07 17:47:39
252,n6mw0i,1,Ya quisiera tener ese cuerpo la vice,gx9pzhy,1620422053.0,t3_n6mw0i,2021-05-07 18:14:13
253,n6mw0i,1,"Cleptopatria, tambi√©n conocida como CFKLDLNA",gx9srwm,1620423444.0,t3_n6mw0i,2021-05-07 18:37:24
254,n6mw0i,1,no encuentro fallos a su logica,gx9tsl7,1620423931.0,t3_n6mw0i,2021-05-07 18:45:31
255,n6mw0i,1,Edici√≥n 10/10,gx9wq3y,1620425292.0,t3_n6mw0i,2021-05-07 19:08:12
256,n6mw0i,1,u/vredditdownloader,gxa2ubv,1620427989.0,t3_n6mw0i,2021-05-07 19:53:09
257,n6mw0i,1,Es Lizy Tagliani.,gxa44bl,1620428539.0,t3_n6mw0i,2021-05-07 20:02:19
258,n6mw0i,1,casi vomito.,gxa44mj,1620428543.0,t3_n6mw0i,2021-05-07 20:02:23
259,n6mw0i,1,"Cristinatiti Feramses de Kleochanta, ladrona del Antiguo EgIpto.",gxa7bpt,1620429916.0,t3_n6mw0i,2021-05-07 20:25:16
260,n6mw0i,1,.....vine a vomitar nada mas.,gxa7ofo,1620430069.0,t3_n6mw0i,2021-05-07 20:27:49
261,n6mw0i,1,Lo gracioso es que un k te aplaude un video as√≠,gxabqv5,1620431800.0,t3_n6mw0i,2021-05-07 20:56:40
262,n6mw0i,1,"Al paso que viene la educacion y al paso agigantado que vienen los deep fakes, en unos pocos a√±os esto va a ser un tremendo problema. Tambien va a haber muchisima plata en la subindustria de deteccion de deep fakes.",gxagxj8,1620433982.0,t3_n6mw0i,2021-05-07 21:33:02
263,n6mw0i,1,"""Kleostrina"" me suena mejor en la cabeza.",gxavxey,1620440497.0,t3_n6mw0i,2021-05-07 23:21:37
264,n6mw0i,1,"Me gusta que los memes de ""Mira lo que mando la t√≠a"" tienen varios upvotes en r/argentina",gxb84w7,1620446139.0,t3_n6mw0i,2021-05-08 00:55:39
265,n6mw0i,0,"como kirchnerista, me encanato la edicion 10. segui con ese esfuerzo",gx9erqu,1620415355.0,t3_n6mw0i,2021-05-07 16:22:35
266,n6mcln,219,"Mentira, no avisa cuando sacas cap, sino mis t√≠os ya me hubieran cagado a trompadas hace rato",gx7xzjn,1620377796.0,t3_n6mcln,2021-05-07 05:56:36
267,n6mcln,49,Seguro es para mostrarle al pap√° de ella para que vea que su nena anda mostrando el ocote en redes sociales,gx82ow5,1620380214.0,t3_n6mcln,2021-05-07 06:36:54
268,n6mcln,41,"Para los que tuvieron un mini infarto, solo le avisa que sacaste screenshot si es una foto o video temporal que te mandaron por directo.",gx8isib,1620389060.0,t3_n6mcln,2021-05-07 09:04:20
269,n6mcln,35,Pero por qu√© le mand√≥ esa foto?,gx7yhkm,1620378053.0,t3_n6mcln,2021-05-07 06:00:53
270,n6mcln,22,"Por curiosidad... cual app te buchonea si sacas captura???

...Esss, para un amigo.",gx8hpdo,1620388376.0,t3_n6mcln,2021-05-07 08:52:56
271,n6mcln,21,Quiero comprar ese modelo de inodoro.,gx8394k,1620380504.0,t3_n6mcln,2021-05-07 06:41:44
272,n6mcln,49,What are you doing step-cousin?,gx7z5mq,1620378395.0,t3_n6mcln,2021-05-07 06:06:35
273,n6mcln,12,"Todos ustedes hablando de como guardar las fotos que minas en bolas les mandan por intagram, y lo mas cerca que yo estuve de eso fue una vez que una chica me pregunto ""ASL?"" en ICQ. Y no tengo forma de comprobar que fuese una chica.",gx9ex8t,1620415463.0,t3_n6mcln,2021-05-07 16:24:23
274,n6mcln,11,Y para que sube esa foto si no quieren que la vean?,gx8ou41,1620393157.0,t3_n6mcln,2021-05-07 10:12:37
275,n6mcln,11,"""Soy tu prima enfermo....  


Voy para alla""",gx9geo0,1620416485.0,t3_n6mcln,2021-05-07 16:41:25
276,n6mcln,7,Y para que le manda la foto en pelotas al inbox del primo? Instagram solo notifica si la screenshot se hace a una foto que se auto destruye.,gx9cnjs,1620413772.0,t3_n6mcln,2021-05-07 15:56:12
277,n6mcln,4,Y si est√° as√≠ de buenarda esperan que el amigo no se altere?,gx9q3d6,1620422107.0,t3_n6mcln,2021-05-07 18:15:07
278,n6mcln,3,"Como dice el dicho, a la prima se le arrima y a la hermana se la encama üåö",gx9qoy3,1620422410.0,t3_n6mcln,2021-05-07 18:20:10
279,n6mcln,11,"alguien tiene el ig de esa minita, vive apareciendo esa foto en tw y nadie pasa el zelda.",gx7yjsx,1620378085.0,t3_n6mcln,2021-05-07 06:01:25
280,n6mcln,3,""" y vos sos alta trola""",gxai9xe,1620434550.0,t3_n6mcln,2021-05-07 21:42:30
281,n6mcln,16,"¬øEst√°n compartiendo memes de fb? Gente, usemos a Taringa de ejemplo de lo que no hay que hacer, estamos yendo en la misma direcci√≥n.",gx833u4,1620380429.0,t3_n6mcln,2021-05-07 06:40:29
282,n6mcln,2,"Mentira, soy alto compulsivo en sacar capturas de pantalla, solo avisa cuando sacas una captura a una foto en un chat privado, si insta avisa sobre las captura todos vamos en cana *~~le saca captura a millie bobby brown todo el tiempo~~*",gx9uy8g,1620424476.0,t3_n6mcln,2021-05-07 18:54:36
283,n6mcln,2,"Re buch√≥n IG, una vuelta estaba chusmeando fotos de una chica y me mando un mensaje preguntando que hac√≠a a esa hora viendo sus fotos. La conoc√≠a y hab√≠a buena onda y lo dec√≠a con intenci√≥n de concretar algo pero yo estoy en pareja y si intenciones.  Me re descoloc√≥ el comentario, no se si fu√© un bluff pero desinstale el IG ah√≠ mismo",gx9xrhq,1620425764.0,t3_n6mcln,2021-05-07 19:16:04
284,n6mcln,1,Pero no que sub√≠an fotos en culo como algo art√≠stico?,gx8gzj6,1620387943.0,t3_n6mcln,2021-05-07 08:45:43
285,n6mcln,1,Mesirve,gx9lnyt,1620419730.0,t3_n6mcln,2021-05-07 17:35:30
286,n6mcln,1,sauce,gxa1lbd,1620427451.0,t3_n6mcln,2021-05-07 19:44:11
287,n6mcln,1,On the next Arrested Development...,gxa8fww,1620430397.0,t3_n6mcln,2021-05-07 20:33:17
288,n6mcln,1,[Est√° muy santiague√±o el sub √∫ltimamente](https://www.reddit.com/r/argentina/comments/n6gxlr/z/gx7ni58),gxaxee6,1620441170.0,t3_n6mcln,2021-05-07 23:32:50
289,n6mcln,1,"Si lo posteaste, le pertenece a la humanidad-",gxb78cw,1620445717.0,t3_n6mcln,2021-05-08 00:48:37
290,n6mcln,1,Viendo los comentarios me sorprende que nadie se haya dado cuenta que es snapchat y no instagram,gxb98la,1620446661.0,t3_n6mcln,2021-05-08 01:04:21
291,n6i9ef,54,Notese que los subtitulos son del rrope. Beto se√±ala solamente para obtener una confirmacion.,gx78w97,1620365674.0,t3_n6i9ef,2021-05-07 02:34:34
292,n6i9ef,54,"-Mira Dylan, todo lo que toca la luz est√° sin terminar.",gx7ggpd,1620369057.0,t3_n6i9ef,2021-05-07 03:30:57
293,n6i9ef,35,"2008 se inici√≥ la construcci√≥n, desde el 2013 no se tocan. Y ahora las inauguran o vaya a saber qu√© payasada jajajajajajja

Igual prefiero que las tengan de adorno.",gx7k7ah,1620370821.0,t3_n6i9ef,2021-05-07 04:00:21
294,n6i9ef,15,"Eso es por el Covid, garantiza la renovaci√≥n constante del aire y minimiza la posibilidad de transmisi√≥n a√©rea.

El estado te cuida.",gx7vtyc,1620376684.0,t3_n6i9ef,2021-05-07 05:38:04
295,n6i9ef,10,"Ah s√≠, los dos estados de una obra, bald√≠o y terminado",gx7i28z,1620369802.0,t3_n6i9ef,2021-05-07 03:43:22
296,n6i9ef,8,"Es la estructura para una futura villa. Se completa con casas construidas por la gente en los espacios mayores, quedando pasillos estrechos para la circulaci√≥n.",gx7vxr8,1620376738.0,t3_n6i9ef,2021-05-07 05:38:58
297,n6i9ef,4,"Igual, c√≥mo mierda se supone que son adentro? Porque parecen hediondas.",gx7krtr,1620371095.0,t3_n6i9ef,2021-05-07 04:04:55
298,n6i9ef,4,Y deben haber salido 500.000 dolares cada una.,gx7tkj9,1620375533.0,t3_n6i9ef,2021-05-07 05:18:53
299,n6i9ef,5,"... son como tu cucha, pero sin techo",gx7x0v8,1620377302.0,t3_n6i9ef,2021-05-07 05:48:22
300,n6i9ef,2,"*Mira, se parece a tu cucha*",gx82jgr,1620380137.0,t3_n6i9ef,2021-05-07 06:35:37
301,n6i9ef,-20,vos tu casa la arranc√°s a construir por el techo?,gx7afkw,1620366346.0,t3_n6i9ef,2021-05-07 02:45:46
302,n6i9ef,1,F√≠jense c√≥mo las casas tiene pasto. Si le haces zoom se ven las telara√±as,gx7vht2,1620376515.0,t3_n6i9ef,2021-05-07 05:35:15
303,n6i9ef,1,"uff la cantidad de casas que no terminan los sinverguenzas ja

Bosques, varela, interior, etc

Me acuerdo de varela pj, por el barrio lujan anunciaban con altos carteles proyecto de casas que iban a ser la gloria para discapacitados pero que luego frenaron un buen tiempo y termino abandonado por ""falta de fondos"" gestion cristi pereira papa!...

Luego de un tiempo el proyecto continuo pero no por ellos sino que se metieron ocupas en esos terrenos, luego los sacaron y volvieron a meterse para copar todo... se podria decir que ellos mismos finalizaron todo ja.

Igual ni regalado en esas zona, una vuelta viajando con el bondi de noche se subieron arriba los chorros para la inspeccion de billetera y tuve q salir rajando del lugar para buscar la lapoli mientras se cagaban a palo adelante. Termine volviendo en un remo todo destartalado.",gx8aaf6,1620384152.0,t3_n6i9ef,2021-05-07 07:42:32
304,n6i9ef,1,Nuestro pr√≥ximo presidente y al lado Albertito,gx9qopb,1620422407.0,t3_n6i9ef,2021-05-07 18:20:07
305,n6i9ef,1,Dylan: con razon te tratan de pelotudo,gxa90dn,1620430638.0,t3_n6i9ef,2021-05-07 20:37:18
306,n6i9ef,-18,No es por nada pero esas casas las dejo as√≠ Macri. No estoy a favor de este gobierno pero tampoco de las mentiras.,gx7v1jq,1620376287.0,t3_n6i9ef,2021-05-07 05:31:27
307,n74aoq,47,Felicitaciones! Hay que tener vocaci√≥n para querer estar con 15 pibitos!,gxars95,1620438645.0,t3_n74aoq,2021-05-07 22:50:45
308,n74aoq,31,"Felicitaciones! 

Esa es letra de se√±o, dios m√≠o, me entr√≥ nostalgia. Pregunta: ¬øHay alguna materia que te ense√±e a hacer letra de se√±o? Siempre me pareci√≥ curioso que todas tengan pr√°cticamente la misma letra",gxaupaj,1620439942.0,t3_n74aoq,2021-05-07 23:12:22
309,n74aoq,20,"Felicitaciones!

Ahora a comer üëâüëà",gxarsow,1620438650.0,t3_n74aoq,2021-05-07 22:50:50
310,n74aoq,12,"Esa, mandale saludos. de que es el budin?

Y porque no tiene un pintorsito pintado jaja",gxas7tj,1620438836.0,t3_n74aoq,2021-05-07 22:53:56
311,n74aoq,8,"felicitaciones a la se√±o, y que paciencia debe tener üòå",gxas5is,1620438807.0,t3_n74aoq,2021-05-07 22:53:27
312,n74aoq,6,"Que grandeee, felicidades y mucha suerte",gxaym65,1620441730.0,t3_n74aoq,2021-05-07 23:42:10
313,n74aoq,1,"bien, ahora a hacer paro (?) na fuera de joda, felicidades! nunca es tarde para estudiar!",gxb3zdj,1620444214.0,t3_n74aoq,2021-05-08 00:23:34
314,n74aoq,8,"Docente de nivel inicial.

M√°s respeto, es tu madre 

Felicitaciones üéä",gxaumqj,1620439910.0,t3_n74aoq,2021-05-07 23:11:50
315,n74aoq,3,¬øTe parece a vos subir la foto de un bud√≠n a esta hora? Felicidades a tu vieja!,gxazq3u,1620442239.0,t3_n74aoq,2021-05-07 23:50:39
316,n74aoq,3,"Bravo por tu madre.. clap clap clap!

Primero hay que tener una meta, despu√©s la voluntad de persistir y finalmente la satisfacci√≥n de llegar a la meta.
Y seguramente mientras tanto laburando. Todo un ejemplo, para vos y la sociedad.

Felicitaciones",gxb30uz,1620443767.0,t3_n74aoq,2021-05-08 00:16:07
317,n74aoq,2,"Qu√© genia tu mam√°, felicitaciones!!!",gxb1328,1620442860.0,t3_n74aoq,2021-05-08 00:01:00
318,n74aoq,2,Felicitaciones!,gxb1kgf,1620443086.0,t3_n74aoq,2021-05-08 00:04:46
319,n74aoq,2,Felicitaciones!,gxb2xcg,1620443720.0,t3_n74aoq,2021-05-08 00:15:20
320,n74aoq,1,FELICIDADES!!!!!!!!!!! :D,gxb4dz3,1620444402.0,t3_n74aoq,2021-05-08 00:26:42
321,n74aoq,1,"Feliciddades mi estimado , espero una porcion del budin.",gxb4njl,1620444524.0,t3_n74aoq,2021-05-08 00:28:44
322,n74aoq,1,Creo que m√≠ vieja hoy tambi√©n tiene su √∫ltimo d√≠a de pr√°cticas. ¬øVo' so' mi hermano?,gxb62zc,1620445186.0,t3_n74aoq,2021-05-08 00:39:46
323,n74aoq,1,"Tiernazo el bud√≠n, felicidades para tu vieja‚ù§Ô∏è‚ú®",gxb7xhi,1620446039.0,t3_n74aoq,2021-05-08 00:53:59
324,n74aoq,1,Felicitaciones a tu madre!!,gxb8aen,1620446213.0,t3_n74aoq,2021-05-08 00:56:53
325,n74aoq,1,"El otro d√≠a mi sobrino de 3 a√±os reci√©n cumplidos lleg√≥ meado, hablamos con la profe y dijo que no lo puede tocar, que baj√≥n recibirte de una profesi√≥n en que ""los familiares de los clientes"" est√°n a ver si te pueden hacer un juicio por cualquier boludez.

&#x200B;

Exitos a tu vieja.",gxb8iph,1620446322.0,t3_n74aoq,2021-05-08 00:58:42
326,n74aoq,1,Y a vos te parece acabar encima del bud√≠n?,gxb5l9d,1620444960.0,t3_n74aoq,2021-05-08 00:36:00
327,n74aoq,-12,Instagram queda por alla --->,gxaxtg2,1620441362.0,t3_n74aoq,2021-05-07 23:36:02
328,n74aoq,1,Felicitaciones!,gxb9gr0,1620446771.0,t3_n74aoq,2021-05-08 01:06:11
329,n74aoq,1,Toy como una boluda emocionada con esto jajaja felicitaciones a tu mam√° ‚ô•Ô∏è,gxbaels,1620447234.0,t3_n74aoq,2021-05-08 01:13:54
330,n74aoq,1,"Vamoooos felciitaciones a la madre!! Esto tendr√≠a que ser el post m√°s votado, en honor a todas las madres y padres del mundo <3 cu√°ntos habr√°n dejado sus carreras y sue√±os por nosotros las bendis... es jodido hacer todo. Un ejemplo tu vieja.",gxbasbt,1620447427.0,t3_n74aoq,2021-05-08 01:17:07
331,n74aoq,1,"Felicitaciones!! Que buen ejemplo de madre que ten√©s y el que lo hayas compartido demuestra que debe ser muy importante para vos, asi que felicitaciones a vos tambi√©n!",gxbawvk,1620447489.0,t3_n74aoq,2021-05-08 01:18:09
332,n74aoq,1,felicitaciones !!! y lo bueno que es por zoom asi q es menos estresante arrancar jaja,gxbaylm,1620447513.0,t3_n74aoq,2021-05-08 01:18:33
